{
  "version": "2.0",
  "extensionBundle": {
    "id": "Microsoft.Azure.Functions.ExtensionBundle",
    "version": "[4.*, 5.0.0)"
  },
  "extensions": {
    "http": {
      "cors": {
        "allowedOrigins": [
          "http://localhost:4200",
          "https://localhost:4200",
          "https://fct-euw-legalcb-legalapi-prod-a5hha6b3fjhjbbhe.westeurope-01.azurewebsites.net"
        ],
        "allowedMethods": ["GET", "POST", "PUT", "DELETE", "OPTIONS"],
        "allowedHeaders": ["*"],
        "exposedHeaders": ["*"],
        "supportCredentials": false
      }
    }
  }
}
